Workbook

Sheet チェックリスト
A1: 生成AI利用ガイドライン チェックリスト
A2: 組織名: ＿＿＿＿＿ 記入者: ＿＿＿＿＿ 記入日: ＿＿＿＿年＿＿月＿＿日
A3: チェック結果 | B3: 項目番号 | C3: 章 | D3: 章タイトル | E3: 節 | F3: 節タイトル | G3: 準拠レベル | H3: チェック項目 | I3: NIST | J3: NIST-GAI | K3: METI | L3: JDLA | M3: IPA | N3: FUJITSU | O3: EU-AIA | P3: 備考 | Q3: 対応状況メモ
B4: 1.1.A | C4: 1 | D4: ガバナンス体制 (GOVERN) | E4: 1.1 | F4: 組織体制・責任 | G4: Required | H4: 生成AI利用に関する最終責任者（経営層）が明確に定められている | I4: ○ | K4: ○
B5: 1.1.B | C5: 1 | D5: ガバナンス体制 (GOVERN) | E5: 1.1 | F5: 組織体制・責任 | G5: Required | H5: AI利用に関する担当部門・担当者が指定されている | I5: ○ | L5: ○
B6: 1.1.C | C6: 1 | D6: ガバナンス体制 (GOVERN) | E6: 1.1 | F6: 組織体制・責任 | G6: Recommended | H6: 部門横断的な推進体制（法務、情報システム、事業部門等）が構築されている | I6: ○ | M6: ○
B7: 1.1.D | C7: 1 | D7: ガバナンス体制 (GOVERN) | E7: 1.1 | F7: 組織体制・責任 | G7: Required | H7: 役割と責任の範囲が文書化されている | I7: ○ | K7: ○
B8: 1.1.E | C8: 1 | D8: ガバナンス体制 (GOVERN) | E8: 1.1 | F8: 組織体制・責任 | G8: Required | H8: インシデント発生時のエスカレーションルートが定められている | I8: ○ | M8: ○
B9: 1.1.F | C9: 1 | D9: ガバナンス体制 (GOVERN) | E9: 1.1 | F9: 組織体制・責任 | G9: Option | H9: 多様な視点を持つチーム構成が考慮されている | I9: ○
B10: 1.2.A | C10: 1 | D10: ガバナンス体制 (GOVERN) | E10: 1.2 | F10: ポリシー・規程 | G10: Required | H10: 生成AI利用の目的・方針が明記されている | I10: ○ | L10: ○
B11: 1.2.B | C11: 1 | D11: ガバナンス体制 (GOVERN) | E11: 1.2 | F11: ポリシー・規程 | G11: Required | H11: ガイドラインの適用範囲（対象者、対象業務、対象ツール）が明確である | L11: ○ | M11: ○
B12: 1.2.C | C12: 1 | D12: ガバナンス体制 (GOVERN) | E12: 1.2 | F12: ポリシー・規程 | G12: Required | H12: 既存の情報セキュリティポリシー、個人情報保護方針との整合性が取れている | I12: ○ | K12: ○
B13: 1.2.D | C13: 1 | D13: ガバナンス体制 (GOVERN) | E13: 1.2 | F13: ポリシー・規程 | G13: Required | H13: 関連する法令・規制要件（個人情報保護法、著作権法等）への言及がある | I13: ○ | L13: ○
B14: 1.2.E | C14: 1 | D14: ガバナンス体制 (GOVERN) | E14: 1.2 | F14: ポリシー・規程 | G14: Recommended | H14: ガイドラインの定期的な見直し・更新の仕組みが定められている | I14: ○ | K14: ○
B15: 1.2.F | C15: 1 | D15: ガバナンス体制 (GOVERN) | E15: 1.2 | F15: ポリシー・規程 | G15: Recommended | H15: リスク許容度が組織として定義されている | I15: ○ | K15: ○
B16: 1.3.A | C16: 1 | D16: ガバナンス体制 (GOVERN) | E16: 1.3 | F16: 教育・研修 | G16: Required | H16: 従業員向けの生成AI利用研修が計画されている | I16: ○ | L16: ○
B17: 1.3.B | C17: 1 | D17: ガバナンス体制 (GOVERN) | E17: 1.3 | F17: 教育・研修 | G17: Recommended | H17: ITリテラシーレベルに応じた教育内容が用意されている | L17: ○ | M17: ○
B18: 1.3.C | C18: 1 | D18: ガバナンス体制 (GOVERN) | E18: 1.3 | F18: 教育・研修 | G18: Required | H18: 新規利用者向けのオンボーディングプロセスがある | I18: ○
B19: 1.3.D | C19: 1 | D19: ガバナンス体制 (GOVERN) | E19: 1.3 | F19: 教育・研修 | G19: Recommended | H19: 継続的な啓発活動（事例共有、注意喚起等）の仕組みがある | I19: ○ | L19: ○
B20: 1.4.A | C20: 1 | D20: ガバナンス体制 (GOVERN) | E20: 1.4 | F20: 監視・監査 | G20: Option | H20: 利用状況のモニタリング方法が定められている | I20: ○ | M20: ○
B21: 1.4.B | C21: 1 | D21: ガバナンス体制 (GOVERN) | E21: 1.4 | F21: 監視・監査 | G21: Option | H21: 定期的な監査・レビューの実施計画がある | I21: ○ | K21: ○
B22: 1.4.C | C22: 1 | D22: ガバナンス体制 (GOVERN) | E22: 1.4 | F22: 監視・監査 | G22: Required | H22: 違反時の対応プロセスが明記されている | L22: ○ | M22: ○
B23: 1.4.D | C23: 1 | D23: ガバナンス体制 (GOVERN) | E23: 1.4 | F23: 監視・監査 | G23: Recommended | H23: AIシステムのインベントリ管理の仕組みがある | I23: ○
B24: 1.4.E | C24: 1 | D24: ガバナンス体制 (GOVERN) | E24: 1.4 | F24: 監視・監査 | G24: Recommended | H24: AIサービスの提供終了・重大変更時の対応方針がある | I24: ○
B25: 2.1.A | C25: 2 | D25: リスクの特定と評価 (MAP) | E25: 2.1 | F25: 利用目的・文脈の明確化 | G25: Required | H25: 生成AIを利用する業務・ユースケースが特定されている | I25: ○ | L25: ○
B26: 2.1.B | C26: 2 | D26: リスクの特定と評価 (MAP) | E26: 2.1 | F26: 利用目的・文脈の明確化 | G26: Required | H26: 各ユースケースにおける期待される効果（便益）が文書化されている | I26: ○ | K26: ○
B27: 2.1.C | C27: 2 | D27: リスクの特定と評価 (MAP) | E27: 2.1 | F27: 利用目的・文脈の明確化 | G27: Required | H27: 想定ユーザーとその利用方法が定義されている | I27: ○ | K27: ○
B28: 2.1.D | C28: 2 | D28: リスクの特定と評価 (MAP) | E28: 2.1 | F28: 利用目的・文脈の明確化 | G28: Required | H28: AIを使用すべきでない業務・場面が明記されている | I28: ○ | L28: ○
B29: 2.1.E | C29: 2 | D29: リスクの特定と評価 (MAP) | E29: 2.1 | F29: 利用目的・文脈の明確化 | G29: Required | H29: ビジネス価値・目的が明確に定義されている | I29: ○
B30: 2.1.F | C30: 2 | D30: リスクの特定と評価 (MAP) | E30: 2.1 | F30: 利用目的・文脈の明確化 | G30: Required | H30: 組織のミッション・目標との整合性が確認されている | I30: ○
B31: 2.2.A | C31: 2 | D31: リスクの特定と評価 (MAP) | E31: 2.2 | F31: リスクの分類と評価 | G31: Required | H31: 情報漏えいリスクの評価がされている | L31: ○ | M31: ○ | N31: ○
B32: 2.2.B | C32: 2 | D32: リスクの特定と評価 (MAP) | E32: 2.2 | F32: リスクの分類と評価 | G32: Required | H32: 著作権・知的財産権侵害リスクの評価がされている | K32: ○ | L32: ○ | N32: ○
B33: 2.2.C | C33: 2 | D33: リスクの特定と評価 (MAP) | E33: 2.2 | F33: リスクの分類と評価 | G33: Required | H33: ハルシネーション（誤情報生成）リスクの評価がされている | J33: ○ | L33: ○ | N33: ○
B34: 2.2.D | C34: 2 | D34: リスクの特定と評価 (MAP) | E34: 2.2 | F34: リスクの分類と評価 | G34: Recommended | H34: バイアス・公平性に関するリスクの評価がされている | I34: ○ | K34: ○ | N34: ○
B35: 2.2.E | C35: 2 | D35: リスクの特定と評価 (MAP) | E35: 2.2 | F35: リスクの分類と評価 | G35: Required | H35: プライバシーリスクの評価がされている | I35: ○ | K35: ○
B36: 2.2.F | C36: 2 | D36: リスクの特定と評価 (MAP) | E36: 2.2 | F36: リスクの分類と評価 | G36: Required | H36: セキュリティリスク（プロンプトインジェクション等）の評価がされている | J36: ○ | M36: ○
B37: 2.2.G | C37: 2 | D37: リスクの特定と評価 (MAP) | E37: 2.2 | F37: リスクの分類と評価 | G37: Required | H37: 法的リスク（契約違反、規制違反等）の評価がされている | I37: ○ | K37: ○
B38: 2.2.H | C38: 2 | D38: リスクの特定と評価 (MAP) | E38: 2.2 | F38: リスクの分類と評価 | G38: Recommended | H38: レピュテーションリスクの評価がされている | I38: ○ | N38: ○
B39: 2.2.I | C39: 2 | D39: リスクの特定と評価 (MAP) | E39: 2.2 | F39: リスクの分類と評価 | G39: Recommended | H39: 業務依存リスク（過度な依存、スキル低下）の評価がされている | J39: ○ | N39: ○
B40: 2.2.J | C40: 2 | D40: リスクの特定と評価 (MAP) | E40: 2.2 | F40: リスクの分類と評価 | G40: Option | H40: 環境負荷・サステナビリティの考慮がされている | I40: ○ | K40: ○
B41: 2.3.A | C41: 2 | D41: リスクの特定と評価 (MAP) | E41: 2.3 | F41: サードパーティリスク | G41: Required | H41: 利用するAIサービス・ツールの選定基準が定められている | I41: ○ | M41: ○
B42: 2.3.B | C42: 2 | D42: リスクの特定と評価 (MAP) | E42: 2.3 | F42: サードパーティリスク | G42: Required | H42: ベンダーの利用規約・プライバシーポリシーの確認プロセスがある | I42: ○ | L42: ○
B43: 2.3.C | C43: 2 | D43: リスクの特定と評価 (MAP) | E43: 2.3 | F43: サードパーティリスク | G43: Required | H43: データの取り扱い（学習利用の有無等）の確認がされている | L43: ○ | M43: ○
B44: 2.3.D | C44: 2 | D44: リスクの特定と評価 (MAP) | E44: 2.3 | F44: サードパーティリスク | G44: Recommended | H44: サービス停止・変更時の対応策が検討されている | I44: ○
B45: 2.3.E | C45: 2 | D45: リスクの特定と評価 (MAP) | E45: 2.3 | F45: サードパーティリスク | G45: Option | H45: サプライチェーン全体でのリスク管理が考慮されている | I45: ○ | O45: ○
B46: 3.1.A | C46: 3 | D46: 入力データの管理 | E46: 3.1 | F46: 入力禁止情報 | G46: Required | H46: 入力してはいけない情報の種類が明確にリスト化されている | L46: ○ | N46: ○
B47: 3.1.B | C47: 3 | D47: 入力データの管理 | E47: 3.1 | F47: 入力禁止情報 | G47: Required | H47: 個人情報（氏名、住所、電話番号、メールアドレス等） | L47: ○ | N47: ○
B48: 3.1.C | C48: 3 | D48: 入力データの管理 | E48: 3.1 | F48: 入力禁止情報 | G48: Required | H48: 機密情報（営業秘密、未公開情報、戦略情報等） | L48: ○ | N48: ○
B49: 3.1.D | C49: 3 | D49: 入力データの管理 | E49: 3.1 | F49: 入力禁止情報 | G49: Required | H49: 顧客情報（取引先情報、契約内容等） | L49: ○ | N49: ○
B50: 3.1.E | C50: 3 | D50: 入力データの管理 | E50: 3.1 | F50: 入力禁止情報 | G50: Required | H50: 認証情報（パスワード、APIキー、アクセストークン等） | M50: ○
B51: 3.1.F | C51: 3 | D51: 入力データの管理 | E51: 3.1 | F51: 入力禁止情報 | G51: Required | H51: 財務情報（未公開の決算情報、インサイダー情報等） | L51: ○
B52: 3.1.G | C52: 3 | D52: 入力データの管理 | E52: 3.1 | F52: 入力禁止情報 | G52: Required | H52: 人事情報（評価、給与、健康情報等） | L52: ○
B53: 3.1.H | C53: 3 | D53: 入力データの管理 | E53: 3.1 | F53: 入力禁止情報 | G53: Required | H53: 法的に保護された情報（弁護士秘匿特権対象情報等） | L53: ○
B54: 3.2.A | C54: 3 | D54: 入力データの管理 | E54: 3.2 | F54: データ分類と取り扱い | G54: Required | H54: 情報の機密度分類に応じた利用可否基準がある | L54: ○ | M54: ○
B55: 3.2.B | C55: 3 | D55: 入力データの管理 | E55: 3.2 | F55: データ分類と取り扱い | G55: Required | H55: 匿名化・仮名化のガイダンスが提供されている | K55: ○ | L55: ○
B56: 3.2.C | C56: 3 | D56: 入力データの管理 | E56: 3.2 | F56: データ分類と取り扱い | G56: Required | H56: 第三者から受領した情報の取り扱いルールがある | L56: ○
B57: 3.2.D | C57: 3 | D57: 入力データの管理 | E57: 3.2 | F57: データ分類と取り扱い | G57: Required | H57: 契約上の守秘義務との整合性が確認されている | L57: ○
B58: 3.3.A | C58: 3 | D58: 入力データの管理 | E58: 3.3 | F58: 個人情報保護 | G58: Required | H58: 個人データの入力に関する具体的なルールがある | K58: ○ | L58: ○
B59: 3.3.B | C59: 3 | D59: 入力データの管理 | E59: 3.3 | F59: 個人情報保護 | G59: Required | H59: 本人同意の要否・取得方法が明記されている | K59: ○ | L59: ○
B60: 3.3.C | C60: 3 | D60: 入力データの管理 | E60: 3.3 | F60: 個人情報保護 | G60: Required | H60: 委託先への提供に該当するかの判断基準がある | K60: ○ | L60: ○
B61: 3.3.D | C61: 3 | D61: 入力データの管理 | E61: 3.3 | F61: 個人情報保護 | G61: Required | H61: 越境移転（海外サーバー利用）への対応が検討されている | K61: ○ | O61: ○
B62: 4.1.A | C62: 4 | D62: 出力の管理と利用 | E62: 4.1 | F62: 出力の検証義務 | G62: Required | H62: 出力内容の正確性確認（ファクトチェック）が義務付けられている | I62: ○ | L62: ○ | N62: ○
B63: 4.1.B | C63: 4 | D63: 出力の管理と利用 | E63: 4.1 | F63: 出力の検証義務 | G63: Required | H63: 専門分野（法務、財務、技術等）における専門家レビューの要否基準がある | I63: ○ | L63: ○
B64: 4.1.C | C64: 4 | D64: 出力の管理と利用 | E64: 4.1 | F64: 出力の検証義務 | G64: Required | H64: 出力をそのまま使用してはいけない場面が明記されている | L64: ○ | N64: ○
B65: 4.1.D | C65: 4 | D65: 出力の管理と利用 | E65: 4.1 | F65: 出力の検証義務 | G65: Required | H65: 人間による最終確認・承認プロセスがある | I65: ○ | K65: ○
B66: 4.2.A | C66: 4 | D66: 出力の管理と利用 | E66: 4.2 | F66: 著作権・知的財産 | G66: Required | H66: 生成物の著作権の帰属に関する考え方が示されている | K66: ○ | L66: ○
B67: 4.2.B | C67: 4 | D67: 出力の管理と利用 | E67: 4.2 | F67: 著作権・知的財産 | G67: Required | H67: 既存著作物との類似性チェックの必要性が言及されている | L67: ○ | N67: ○
B68: 4.2.C | C68: 4 | D68: 出力の管理と利用 | E68: 4.2 | F68: 著作権・知的財産 | G68: Recommended | H68: 商用利用時の追加確認事項が定められている | L68: ○
B69: 4.2.D | C69: 4 | D69: 出力の管理と利用 | E69: 4.2 | F69: 著作権・知的財産 | G69: Option | H69: 画像・音声・動画生成時の特別な注意事項がある | L69: ○ | O69: ○
B70: 4.3.A | C70: 4 | D70: 出力の管理と利用 | E70: 4.3 | F70: 出力の表示・開示 | G70: Required | H70: AI生成コンテンツであることの表示要否の基準がある | K70: ○ | O70: ○
B71: 4.3.B | C71: 4 | D71: 出力の管理と利用 | E71: 4.3 | F71: 出力の表示・開示 | G71: Required | H71: 社外向け資料でのAI利用に関するルールがある | L71: ○
B72: 4.3.C | C72: 4 | D72: 出力の管理と利用 | E72: 4.3 | F72: 出力の表示・開示 | G72: Required | H72: 顧客・取引先への説明責任に関する指針がある | I72: ○ | K72: ○
B73: 4.3.D | C73: 4 | D73: 出力の管理と利用 | E73: 4.3 | F73: 出力の表示・開示 | G73: Option | H73: ディープフェイク等の合成コンテンツへの対応がある | O73: ○
B74: 4.4.A | C74: 4 | D74: 出力の管理と利用 | E74: 4.4 | F74: 品質管理 | G74: Required | H74: 重要度に応じた承認プロセスが定められている | I74: ○ | L74: ○
B75: 4.4.B | C75: 4 | D75: 出力の管理と利用 | E75: 4.4 | F75: 品質管理 | G75: Option | H75: 出力の記録・保存に関するルールがある | I75: ○ | M75: ○
B76: 4.4.C | C76: 4 | D76: 出力の管理と利用 | E76: 4.4 | F76: 品質管理 | G76: Option | H76: 問題のある出力を発見した場合の報告プロセスがある | I76: ○ | L76: ○
B77: 5.1.A | C77: 5 | D77: 信頼性の確保 (Trustworthiness) | E77: 5.1 | F77: 正確性・信頼性 (Valid & Reliable) | G77: Required | H77: ハルシネーションへの対処方法が具体的に示されている | J77: ○ | L77: ○ | N77: ○
B78: 5.1.B | C78: 5 | D78: 信頼性の確保 (Trustworthiness) | E78: 5.1 | F78: 正確性・信頼性 (Valid & Reliable) | G78: Required | H78: 生成AIの限界・不得意分野が説明されている | I78: ○ | N78: ○
B79: 5.1.C | C79: 5 | D79: 信頼性の確保 (Trustworthiness) | E79: 5.1 | F79: 正確性・信頼性 (Valid & Reliable) | G79: Recommended | H79: 出力の信頼度を判断するためのガイダンスがある | I79: ○
B80: 5.1.D | C80: 5 | D80: 信頼性の確保 (Trustworthiness) | E80: 5.1 | F80: 正確性・信頼性 (Valid & Reliable) | G80: Option | H80: 継続的なテスト・検証の仕組みがある | I80: ○
B81: 5.2.A | C81: 5 | D81: 信頼性の確保 (Trustworthiness) | E81: 5.2 | F81: 安全性 (Safe) | G81: Required | H81: 安全に関わる業務での利用制限が明記されている | I81: ○ | K81: ○
B82: 5.2.B | C82: 5 | D82: 信頼性の確保 (Trustworthiness) | E82: 5.2 | F82: 安全性 (Safe) | G82: Required | H82: 人間の最終判断を要する場面が特定されている | I82: ○ | K82: ○
B83: 5.2.C | C83: 5 | D83: 信頼性の確保 (Trustworthiness) | E83: 5.2 | F83: 安全性 (Safe) | G83: Recommended | H83: 緊急停止・利用中止の基準と手順がある | I83: ○
B84: 5.2.D | C84: 5 | D84: 信頼性の確保 (Trustworthiness) | E84: 5.2 | F84: 安全性 (Safe) | G84: Option | H84: 残存リスクの文書化がされている | I84: ○
B85: 5.3.A | C85: 5 | D85: 信頼性の確保 (Trustworthiness) | E85: 5.3 | F85: セキュリティ・レジリエンス (Secure & Resilient) | G85: Required | H85: 承認されたツール・サービスのリストがある | L85: ○ | M85: ○
B86: 5.3.B | C86: 5 | D86: 信頼性の確保 (Trustworthiness) | E86: 5.3 | F86: セキュリティ・レジリエンス (Secure & Resilient) | G86: Required | H86: 未承認ツールの利用禁止が明記されている | L86: ○ | M86: ○
B87: 5.3.C | C87: 5 | D87: 信頼性の確保 (Trustworthiness) | E87: 5.3 | F87: セキュリティ・レジリエンス (Secure & Resilient) | G87: Required | H87: アカウント管理（共有禁止、MFA等）のルールがある | M87: ○
B88: 5.3.D | C88: 5 | D88: 信頼性の確保 (Trustworthiness) | E88: 5.3 | F88: セキュリティ・レジリエンス (Secure & Resilient) | G88: Recommended | H88: プロンプトインジェクション等の攻撃への注意喚起がある | J88: ○ | M88: ○
B89: 5.3.E | C89: 5 | D89: 信頼性の確保 (Trustworthiness) | E89: 5.3 | F89: セキュリティ・レジリエンス (Secure & Resilient) | G89: Option | H89: API利用時のセキュリティ要件が定められている | M89: ○
B90: 5.3.F | C90: 5 | D90: 信頼性の確保 (Trustworthiness) | E90: 5.3 | F90: セキュリティ・レジリエンス (Secure & Resilient) | G90: Option | H90: データポイズニングへの対策が考慮されている | J90: ○
B91: 5.3.G | C91: 5 | D91: 信頼性の確保 (Trustworthiness) | E91: 5.3 | F91: セキュリティ・レジリエンス (Secure & Resilient) | G91: Option | H91: モデル抽出・メンバーシップ推論攻撃への対策がある | J91: ○
B92: 5.4.A | C92: 5 | D92: 信頼性の確保 (Trustworthiness) | E92: 5.4 | F92: 透明性・説明責任 (Accountable & Transparent) | G92: Option | H92: AI利用の記録・ログ保存の要件がある | I92: ○ | K92: ○ | O92: ○
B93: 5.4.B | C93: 5 | D93: 信頼性の確保 (Trustworthiness) | E93: 5.4 | F93: 透明性・説明責任 (Accountable & Transparent) | G93: Required | H93: 意思決定過程の説明責任に関する指針がある | I93: ○ | K93: ○
B94: 5.4.C | C94: 5 | D94: 信頼性の確保 (Trustworthiness) | E94: 5.4 | F94: 透明性・説明責任 (Accountable & Transparent) | G94: Recommended | H94: ステークホルダーへの情報開示方針がある | I94: ○ | K94: ○
B95: 5.4.D | C95: 5 | D95: 信頼性の確保 (Trustworthiness) | E95: 5.4 | F95: 透明性・説明責任 (Accountable & Transparent) | G95: Option | H95: 学習データの出所（プロベナンス）の確認がある | J95: ○
B96: 5.5.A | C96: 5 | D96: 信頼性の確保 (Trustworthiness) | E96: 5.5 | F96: 説明可能性 (Explainable & Interpretable) | G96: Required | H96: AI出力の根拠について説明を要する場面が特定されている | I96: ○ | K96: ○
B97: 5.5.B | C97: 5 | D97: 信頼性の確保 (Trustworthiness) | E97: 5.5 | F97: 説明可能性 (Explainable & Interpretable) | G97: Recommended | H97: 説明が困難な場合の対応方針がある | I97: ○
B98: 5.5.C | C98: 5 | D98: 信頼性の確保 (Trustworthiness) | E98: 5.5 | F98: 説明可能性 (Explainable & Interpretable) | G98: Option | H98: 利用者の役割・知識レベルに応じた説明方法がある | I98: ○
B99: 5.6.A | C99: 5 | D99: 信頼性の確保 (Trustworthiness) | E99: 5.6 | F99: プライバシー保護 (Privacy-Enhanced) | G99: Recommended | H99: プライバシー影響評価の実施要否基準がある | I99: ○ | K99: ○
B100: 5.6.B | C100: 5 | D100: 信頼性の確保 (Trustworthiness) | E100: 5.6 | F100: プライバシー保護 (Privacy-Enhanced) | G100: Required | H100: データ最小化の原則が示されている | I100: ○ | K100: ○
...

Sheet サマリー
A1: チェック結果 全体サマリー
A2: ステータス | B2: 件数 | C2: 割合
A3: 対応済 | B3: =COUNTIF('チェックリスト'!$A$4:$A$123,"対応済") | C3: =B3/120
A4: 一部対応 | B4: =COUNTIF('チェックリスト'!$A$4:$A$123,"一部対応") | C4: =B4/120
A5: 未対応 | B5: =COUNTIF('チェックリスト'!$A$4:$A$123,"未対応") | C5: =B5/120
A6: 該当なし | B6: =COUNTIF('チェックリスト'!$A$4:$A$123,"該当なし") | C6: =B6/120
A7: 未記入 | B7: =COUNTBLANK('チェックリスト'!$A$4:$A$123) | C7: =B7/120
A8: 合計 | B8: 120
A10: 準拠レベル別 チェック結果
A11: レベル | B11: 項目数 | C11: 対応済 | D11: 一部対応 | E11: 未対応 | F11: 該当なし | G11: 未記入 | H11: 対応率
A12: Required | B12: =COUNTIF('チェックリスト'!$G$4:$G$123,"Required") | C12: =COUNTIFS('チェックリスト'!$G$4:$G$123,"Required",'チェックリスト'!$A$4:$A$123,"対応済") | D12: =COUNTIFS('チェックリスト'!$G$4:$G$123,"Required",'チェックリスト'!$A$4:$A$123,"一部対応") | E12: =COUNTIFS('チェックリスト'!$G$4:$G$123,"Required",'チェックリスト'!$A$4:$A$123,"未対応") | F12: =COUNTIFS('チェックリスト'!$G$4:$G$123,"Required",'チェックリスト'!$A$4:$A$123,"該当なし") | G12: =B12-SUM(C12:F12) | H12: =IFERROR(C12/B12,0)
A13: Recommended | B13: =COUNTIF('チェックリスト'!$G$4:$G$123,"Recommended") | C13: =COUNTIFS('チェックリスト'!$G$4:$G$123,"Recommended",'チェックリスト'!$A$4:$A$123,"対応済") | D13: =COUNTIFS('チェックリスト'!$G$4:$G$123,"Recommended",'チェックリスト'!$A$4:$A$123,"一部対応") | E13: =COUNTIFS('チェックリスト'!$G$4:$G$123,"Recommended",'チェックリスト'!$A$4:$A$123,"未対応") | F13: =COUNTIFS('チェックリスト'!$G$4:$G$123,"Recommended",'チェックリスト'!$A$4:$A$123,"該当なし") | G13: =B13-SUM(C13:F13) | H13: =IFERROR(C13/B13,0)
A14: Option | B14: =COUNTIF('チェックリスト'!$G$4:$G$123,"Option") | C14: =COUNTIFS('チェックリスト'!$G$4:$G$123,"Option",'チェックリスト'!$A$4:$A$123,"対応済") | D14: =COUNTIFS('チェックリスト'!$G$4:$G$123,"Option",'チェックリスト'!$A$4:$A$123,"一部対応") | E14: =COUNTIFS('チェックリスト'!$G$4:$G$123,"Option",'チェックリスト'!$A$4:$A$123,"未対応") | F14: =COUNTIFS('チェックリスト'!$G$4:$G$123,"Option",'チェックリスト'!$A$4:$A$123,"該当なし") | G14: =B14-SUM(C14:F14) | H14: =IFERROR(C14/B14,0)
A16: 章別 チェック結果
A17: 章 | B17: 項目数 | C17: 対応済 | D17: 一部対応 | E17: 未対応 | F17: 該当なし | G17: 未記入 | H17: 対応率 | I17: 必須対応率
A18: 1. ガバナンス体制 (GOVERN) | B18: =COUNTIF('チェックリスト'!$C$4:$C$123,1) | C18: =COUNTIFS('チェックリスト'!$C$4:$C$123,1,'チェックリスト'!$A$4:$A$123,"対応済") | D18: =COUNTIFS('チェックリスト'!$C$4:$C$123,1,'チェックリスト'!$A$4:$A$123,"一部対応") | E18: =COUNTIFS('チェックリスト'!$C$4:$C$123,1,'チェックリスト'!$A$4:$A$123,"未対応") | F18: =COUNTIFS('チェックリスト'!$C$4:$C$123,1,'チェックリスト'!$A$4:$A$123,"該当なし") | G18: =B18-SUM(C18:F18) | H18: =IFERROR(C18/B18,0) | I18: =IFERROR(COUNTIFS('チェックリスト'!$C$4:$C$123,1,'チェックリスト'!$G$4:$G$123,"Required",'チェックリスト'!$A$4:$A$123,"対応済")/COUNTIFS('チェックリスト'!$C$4:$C$123,1,'チェックリスト'!$G$4:$G$123,"Required"),0)
A19: 2. リスクの特定と評価 (MAP) | B19: =COUNTIF('チェックリスト'!$C$4:$C$123,2) | C19: =COUNTIFS('チェックリスト'!$C$4:$C$123,2,'チェックリスト'!$A$4:$A$123,"対応済") | D19: =COUNTIFS('チェックリスト'!$C$4:$C$123,2,'チェックリスト'!$A$4:$A$123,"一部対応") | E19: =COUNTIFS('チェックリスト'!$C$4:$C$123,2,'チェックリスト'!$A$4:$A$123,"未対応") | F19: =COUNTIFS('チェックリスト'!$C$4:$C$123,2,'チェックリスト'!$A$4:$A$123,"該当なし") | G19: =B19-SUM(C19:F19) | H19: =IFERROR(C19/B19,0) | I19: =IFERROR(COUNTIFS('チェックリスト'!$C$4:$C$123,2,'チェックリスト'!$G$4:$G$123,"Required",'チェックリスト'!$A$4:$A$123,"対応済")/COUNTIFS('チェックリスト'!$C$4:$C$123,2,'チェックリスト'!$G$4:$G$123,"Required"),0)
A20: 3. 入力データの管理 | B20: =COUNTIF('チェックリスト'!$C$4:$C$123,3) | C20: =COUNTIFS('チェックリスト'!$C$4:$C$123,3,'チェックリスト'!$A$4:$A$123,"対応済") | D20: =COUNTIFS('チェックリスト'!$C$4:$C$123,3,'チェックリスト'!$A$4:$A$123,"一部対応") | E20: =COUNTIFS('チェックリスト'!$C$4:$C$123,3,'チェックリスト'!$A$4:$A$123,"未対応") | F20: =COUNTIFS('チェックリスト'!$C$4:$C$123,3,'チェックリスト'!$A$4:$A$123,"該当なし") | G20: =B20-SUM(C20:F20) | H20: =IFERROR(C20/B20,0) | I20: =IFERROR(COUNTIFS('チェックリスト'!$C$4:$C$123,3,'チェックリスト'!$G$4:$G$123,"Required",'チェックリスト'!$A$4:$A$123,"対応済")/COUNTIFS('チェックリスト'!$C$4:$C$123,3,'チェックリスト'!$G$4:$G$123,"Required"),0)
A21: 4. 出力の管理と利用 | B21: =COUNTIF('チェックリスト'!$C$4:$C$123,4) | C21: =COUNTIFS('チェックリスト'!$C$4:$C$123,4,'チェックリスト'!$A$4:$A$123,"対応済") | D21: =COUNTIFS('チェックリスト'!$C$4:$C$123,4,'チェックリスト'!$A$4:$A$123,"一部対応") | E21: =COUNTIFS('チェックリスト'!$C$4:$C$123,4,'チェックリスト'!$A$4:$A$123,"未対応") | F21: =COUNTIFS('チェックリスト'!$C$4:$C$123,4,'チェックリスト'!$A$4:$A$123,"該当なし") | G21: =B21-SUM(C21:F21) | H21: =IFERROR(C21/B21,0) | I21: =IFERROR(COUNTIFS('チェックリスト'!$C$4:$C$123,4,'チェックリスト'!$G$4:$G$123,"Required",'チェックリスト'!$A$4:$A$123,"対応済")/COUNTIFS('チェックリスト'!$C$4:$C$123,4,'チェックリスト'!$G$4:$G$123,"Required"),0)
A22: 5. 信頼性の確保 (Trustworthiness) | B22: =COUNTIF('チェックリスト'!$C$4:$C$123,5) | C22: =COUNTIFS('チェックリスト'!$C$4:$C$123,5,'チェックリスト'!$A$4:$A$123,"対応済") | D22: =COUNTIFS('チェックリスト'!$C$4:$C$123,5,'チェックリスト'!$A$4:$A$123,"一部対応") | E22: =COUNTIFS('チェックリスト'!$C$4:$C$123,5,'チェックリスト'!$A$4:$A$123,"未対応") | F22: =COUNTIFS('チェックリスト'!$C$4:$C$123,5,'チェックリスト'!$A$4:$A$123,"該当なし") | G22: =B22-SUM(C22:F22) | H22: =IFERROR(C22/B22,0) | I22: =IFERROR(COUNTIFS('チェックリスト'!$C$4:$C$123,5,'チェックリスト'!$G$4:$G$123,"Required",'チェックリスト'!$A$4:$A$123,"対応済")/COUNTIFS('チェックリスト'!$C$4:$C$123,5,'チェックリスト'!$G$4:$G$123,"Required"),0)
A23: 6. インシデント対応 | B23: =COUNTIF('チェックリスト'!$C$4:$C$123,6) | C23: =COUNTIFS('チェックリスト'!$C$4:$C$123,6,'チェックリスト'!$A$4:$A$123,"対応済") | D23: =COUNTIFS('チェックリスト'!$C$4:$C$123,6,'チェックリスト'!$A$4:$A$123,"一部対応") | E23: =COUNTIFS('チェックリスト'!$C$4:$C$123,6,'チェックリスト'!$A$4:$A$123,"未対応") | F23: =COUNTIFS('チェックリスト'!$C$4:$C$123,6,'チェックリスト'!$A$4:$A$123,"該当なし") | G23: =B23-SUM(C23:F23) | H23: =IFERROR(C23/B23,0) | I23: =IFERROR(COUNTIFS('チェックリスト'!$C$4:$C$123,6,'チェックリスト'!$G$4:$G$123,"Required",'チェックリスト'!$A$4:$A$123,"対応済")/COUNTIFS('チェックリスト'!$C$4:$C$123,6,'チェックリスト'!$G$4:$G$123,"Required"),0)
A24: 7. ガイドラインとしての完成度 | B24: =COUNTIF('チェックリスト'!$C$4:$C$123,7) | C24: =COUNTIFS('チェックリスト'!$C$4:$C$123,7,'チェックリスト'!$A$4:$A$123,"対応済") | D24: =COUNTIFS('チェックリスト'!$C$4:$C$123,7,'チェックリスト'!$A$4:$A$123,"一部対応") | E24: =COUNTIFS('チェックリスト'!$C$4:$C$123,7,'チェックリスト'!$A$4:$A$123,"未対応") | F24: =COUNTIFS('チェックリスト'!$C$4:$C$123,7,'チェックリスト'!$A$4:$A$123,"該当なし") | G24: =B24-SUM(C24:F24) | H24: =IFERROR(C24/B24,0) | I24: =IFERROR(COUNTIFS('チェックリスト'!$C$4:$C$123,7,'チェックリスト'!$G$4:$G$123,"Required",'チェックリスト'!$A$4:$A$123,"対応済")/COUNTIFS('チェックリスト'!$C$4:$C$123,7,'チェックリスト'!$G$4:$G$123,"Required"),0)
A26: チェック結果の入力方法
A28: チェック結果の選択基準:
A29: 対応済: ガイドラインに該当する内容が記載されている
A30: 一部対応: 内容は含まれているが不十分、または表現が曖昧
A31: 未対応: ガイドラインに該当する記載がない
A32: 該当なし: 自組織の状況に照らして対応不要と判断した項目
A34: 推奨する進め方:
A35: 1. まず「Required」項目だけをフィルタで表示し、すべてチェックする
A36: 2. 次に「Recommended」項目を確認する
A37: 3. 最後に「Option」項目を組織の状況に応じて検討する
A38: 4.「該当なし」とした項目は、備考欄にその理由を記入する
